id_noticia,fuente,url,categoria_busqueda
N001,Infobae,https://www.infobae.com/america/america-latina/2026/09/21/la-fiscalia-de-chile-volvio-a-apuntar-a-diosdado-cabello-por-el-asesinato-del-exmilitar-venezolano-ronald-ojeda/,homicidio
N002,elpais.com,https://elpais.com/chile/2026-08-19/imperio-amsterdam-como-operaba-la-red-acusada-de-usar-dispensarios-de-cannabis-medicinal-para-traficar-marihuana-en-chile.html,trafico_drogas
N003,Gobierno de Chile,https://www.gob.cl/noticias/historica-incautacion-detectan-mas-de-mil-toneladas-madera-impregnada-en-droga/,trafico_drogas
N004,fiscaliadechile.cl,https://www.fiscaliadechile.cl/actualidad/noticias/15-anos-de-pena-efectiva-en-total-para-autores-de-robo-con-violencia-que-afecto,robo_con_violencia
N005,dw.com,https://www.dw.com/es/cae-en-per%C3%BA-l%C3%ADder-del-tren-de-aragua-en-chile-con-apoyo-del-fbi/a-78560563,crimen_organizado
N006,La Tercera,https://www.latercera.com/nacional/noticia/encarcelan-a-cinco-miembros-del-tren-de-aragua-capturados-tras-investigacion-de-secuestro-de-ciudadano-peruano/,crimen_organizado
N007,Ex-ante,https://www.ex-ante.cl/nacional/escudo-de-las-americas-carteles-en-chile/,crimen_organizado
N008,Yahoo,https://es-us.noticias.yahoo.com/hac%C3%ADa-hombre-relacionado-tren-aragua-213401674.html,crimen_organizado
N009,Gobierno de Chile,https://www.gob.cl/noticias/carcel-integrantes-tren-aragua-fueron-condenados/,crimen_organizado
N010,EL PAÍS,https://elpais.com/america-colombia/2026-09-09/promover-el-deporte-y-alejar-a-los-jovenes-de-las-drogas-la-razon-detras-del-asesinato-de-un-profesor-en-bogota-a-manos-del-tren-de-aragua.html,crimen_organizado
N011,EL PAÍS,https://elpais.com/chile/2026-09-23/maxima-alerta-en-lo-espejo-por-la-muerte-de-el-poroto-el-narco-que-amenazo-a-la-alcaldesa-javiera-reyes.html,delincuencia_organizada
N012,fiscaliadechile.cl,https://www.fiscaliadechile.cl/actualidad/noticias/fiscalia-y-pdi-desarticulan-red-de-trata-de-personas-con-fines-de-explotacion,delitos_contra_personas
N013,indh.cl,https://www.indh.cl/indh-tribunal-declaro-culpablestrata/,delitos_contra_personas
N014,BioBioChile,https://www.biobiochile.cl/noticias/nacional/region-de-la-araucania/2026/09/23/fiscalia-investigara-trata-de-personas-por-caso-de-chileno-que-termino-enlistado-en-ejercito-de-rusia.shtml,delitos_contra_personas
N015,EL PAÍS,https://elpais.com/chile/2026-06-16/mas-de-200-menores-haitianos-que-ingresaron-a-chile-estan-con-paradero-desconocido.html,delitos_contra_personas
N016,BioBioChile,https://www.biobiochile.cl/noticias/nacional/region-metropolitana/2026/09/23/investigan-secuestro-de-la-duena-de-una-botilleria-en-independencia.shtml,delitos_violentos
N017,notichile,https://www.notichile.cl/chile/noticia-chile-detienen-tres-inspectores-municipales-secuestro-golpiza-motociclista-20260924121643.html,delitos_violentos
N018,La Tercera,https://www.latercera.com/nacional/noticia/la-caida-de-los-barra-brava-de-la-pdi-la-unidad-policial-que-participo-en-el-secuestro-extorsivo-vinculado-al-exfiscal-fodich/,delitos_violentos
N019,24horas,https://www.24horas.cl/informe-especial/codigo/la-inedita-trama-de-la-mafia-china-en-meiggs-trafico-de-organos,delitos_violentos
N020,TVN,https://www.tvn.cl/actualidad-y-tendencias/actualidad/detienen-a-dos-venezolanos-y-un-chileno-por-secuestro-victima-grito-por,delitos_violentos
N021,Ex-ante,https://www.ex-ante.cl/nacional/yongjie-chen-nexo-secuestro-vinko-fodich/,delitos_violentos
N022,CNN Chile,https://www.cnnchile.com/pais/detienen-a-tres-sujetos-extranjeros-por-secuestro-de-joyero-en-el-centro-de-santiago-victima-estaba-maniatada/,delitos_violentos
N023,La Cuarta,https://www.lacuarta.com/chile/noticia/llamada-furtiva-revelo-horror-en-algarrobo-sujeto-secuestro-a-ex-la-golpeo-y-agredio-sexualmente-durante-horas/,delitos_violentos
N024,Libertad Digital,https://www.libertaddigital.com/internacional/latinoamerica/2026-09-22/un-ministro-de-delcy-rodriguez-encargo-el-secuestro-y-asesinato-de-un-opositor-venezolano-en-chile-7464013/,delitos_violentos
N025,La Tercera,https://www.latercera.com/nacional/noticia/caso-ojeda-el-turko-y-gocho-del-tren-de-aragua-llegan-a-chile-bajo-estricto-protocolo-de-seguridad/,crimen_organizado
N026,EL PAÍS,https://elpais.com/chile/2026-06-22/los-crimenes-del-tren-de-aragua-en-chile-tienen-la-marca-del-nino-guerrero.html,crimen_organizado
N027,Teletrece,https://www.t13.cl/noticia/nacional/ministro-arrau-confirma-r15-llego-chile-para-enfrentar-justicia-31-8-2026,crimen_organizado
N028,ADN Radio,https://www.adnradio.cl/2026/09/01/como-funciona-realmente-el-tren-de-aragua-en-chile-fiscal-nacional-lo-comparo-con-una-cadena-de-comida-rapida/,crimen_organizado
N029,chilevision.cl,https://www.chilevision.cl/noticias/nacional/quienes-son-el-turco-y-el-gocho-los-miembros-del-tren-de-aragua-extraditados-a-chile-por-el-caso-ronald-ojeda/,crimen_organizado
N030,BioBioChile,https://www.biobiochile.cl/noticias/nacional/chile/2026/08/31/r15-llega-extraditado-de-peru-a-chile-presunto-lider-del-tren-de-aragua-investigado-por-secuestro.shtml,crimen_organizado
N031,El Mostrador,https://www.elmostrador.cl/unidad-de-investigacion/2026/09/10/dos-miembros-de-los-gallegos-cumplieron-sus-penas-y-quedaron-libres-sin-ser-expulsados-de-chile/,crimen_organizado
N032,fiscaliadechile.cl,https://www.fiscaliadechile.cl/index.php/actualidad/noticias/fiscalia-de-arica-logro-condenar-dos-internos-del-penal-de-acha-que,crimen_organizado
N033,BioBioChile,https://www.biobiochile.cl/especial/bbcl-investiga/noticias/articulos/2026/08/15/el-informante-que-alerto-conspiracion-terrorista-de-los-gallegos-para-instalar-autobomba-en-tribunal.shtml,crimen_organizado
N034,Canal 9 Bío Bío Televisión,https://www.canal9.cl/episodios/2026/08/15/el-informante-que-alerto-conspiracion-terrorista-de-los-gallegos-para-instalar-autobomba-en-tribunal,crimen_organizado
N035,BioBioChile,https://www.biobiochile.cl/noticias/entrevistas-bbcl/entrevista-nacional/2026/08/27/fiscal-carrera-respalda-segregacion-de-reos-los-gallegos-practicamente-se-apoderaron-del-penal.shtml,crimen_organizado
N036,fiscaliadechile.cl,https://www.fiscaliadechile.cl/actualidad/noticias/fiscalia-sac-formalizo-dos-imputados-extranjeros-por-secuestro-extorsivo-y,delitos_violentos
N037,El Mostrador,https://www.elmostrador.cl/noticias/pais/2026/09/09/exfiscal-fue-detenido-junto-a-oficiales-de-la-pdi-acusados-de-secuestro-extorsivo/,delitos_violentos
N038,BioBioChile,https://www.biobiochile.cl/noticias/nacional/region-metropolitana/2026/09/09/tres-funcionarios-pdi-y-un-exfiscal-detenidos-en-indagacion-por-secuestros-extorsivos-y-otros-delitos.shtml,delitos_violentos
N039,La Tercera,https://www.latercera.com/nacional/noticia/bipe-antisecuestros-desarticula-banda-vinculada-a-secuestro-extorsivo-en-estacion-central/,delitos_violentos
N040,BioBioChile,https://www.biobiochile.cl/especial/bbcl-investiga/noticias/de-pasillo/2026/09/11/falsos-detenidos-y-apriete-en-departamento-asi-fue-el-secuestro-a-ciudadanos-chinos-segun-fiscalia.shtml,delitos_violentos
N041,elrancahuaso.cl,https://www.elrancahuaso.cl/noticia/sociedad/caso-de-secuestro-extorsivo-en-o-higgins-mujer-extraditada-desde-colombia-ingresa-p,delitos_violentos
N042,TVN,https://www.tvn.cl/actualidad-y-tendencias/actualidad/en-prision-preventiva-tres-de-los-cuatro-secuestradores-de-joven-en-san,delitos_violentos
N043,La Tercera,https://www.latercera.com/nacional/noticia/vinculados-al-tren-de-aragua-en-prision-preventiva-quedan-cuatro-detenidos-por-secuestro-de-empresario-en-san-miguel/,delitos_violentos
N044,Teletrece,https://www.t13.cl/noticia/nacional/secuestro-homicidio-temuco-uno-detenidos-tiene-17-anos-23-10-2025,delitos_violentos
N045,BioBioChile,https://news.google.com/rss/articles/CBMijAJBVV95cUxOS3M1d3VDZWxZWHBQR3VWa1F2SEQ4TXM2UmZpS0EyTlNneWM2bG13RXhaajQ0OHpQNWFoS0FnVXRuR0g1ZkNub3lyWGFfOW5qQWZ6WGlzTGh4Z0NlNW5TQmVwWFNQOHZzMWlBblI4S1VFcnFybm1QTnpET3FMNVdSajNhdi1CRVNPT0ZfVzdhTWppM1c2dVQ4Mm05ZnI5MEJKOWo3WS15NWl4bGVFOEUwZ0RMYXFkNGRZZE1WUVdqMkZRdThfVVo5a1dtLXFGYWdsd2VOTzVrelJsU09pZUFWZ1Y4dThnVDctV1o2RWFaRkFiVUhDSndIN2tYZ0RzSDQweW5EdUVYLXhoWWRa?oc=5&hl=en-US&gl=US&ceid=US:en,delitos_violentos
N046,La Tercera,https://www.latercera.com/nacional/noticia/exdirector-de-migraciones-asegura-que-en-2023-denuncio-posibles-delitos-de-trata-de-personas-por-vuelos-con-ninos-haitianos/,trata_personas
N047,TVN,https://www.tvn.cl/actualidad-y-tendencias/actualidad/cuatro-extranjeros-detenidos-por-homicidio-de-integrante-de-banda-en,crimen_organizado
N048,BioBioChile,https://www.biobiochile.cl/noticias/nacional/region-del-maule/2026/06/11/tenian-fecha-hora-y-hasta-dibujos-como-cayo-la-banda-de-extranjeros-que-planeaban-un-asesinato-talca.shtml,crimen_organizado
N049,fiscaliadechile.cl,https://www.fiscaliadechile.cl/actualidad/noticias/regionales/fiscalia-y-carabineros-capturan-peligrosa-banda-extranjera-con-droga,crimen_organizado
N050,BioBioChile,https://www.biobiochile.cl/noticias/nacional/region-del-maule/2026/06/11/cae-banda-de-10-extranjeros-irregulares-planificaban-robo-con-homicidio-en-san-clemente.shtml,crimen_organizado
N051,Canal 9 Bío Bío Televisión,https://www.canal9.cl/episodios/2026/05/05/formalizaran-a-gordo-julio-y-otros-miembros-de-banda-criminal-ligada-al-tren-de-aragua-en-concepcion,crimen_organizado
N052,Meganoticias,https://www.meganoticias.cl/nacional/506206-prision-preventiva-los-mapaches-tren-de-aragua-secuestros-en-santiago-18-11-2025.html,crimen_organizado
N053,Infobae,https://www.infobae.com/america/america-latina/2026/06/10/la-policia-chilena-va-detras-de-yefri-uno-de-los-lideres-de-la-faccion-del-tren-de-aragua/,crimen_organizado
N054,Cooperativa,https://www.cooperativa.cl/noticias/pais/policial/crimen-organizado/mafia-china-en-meiggs-casi-todos-los-imputados-quedaron-en-prision/2025-12-05/123756.html,crimen_organizado
N055,La Tercera,https://www.latercera.com/nacional/noticia/pdi-y-fiscalia-supraterritorial-detienen-a-10-integrantes-de-banda-criminal-que-planeaba-un-homicidio-en-la-region-del-maule/,crimen_organizado
N056,SoyChile.cl,https://www.soychile.cl/santiago/policial/2025/11/05/927717/extranjeros-detenidos-homicidio-descuartizamiento-rm.html,crimen_organizado
N057,fiscaliadechile.cl,https://www.fiscaliadechile.cl/actualidad/noticias/regionales/ovalle-fiscalia-formalizo-investigacion-dos-sujetos-por-homicidio,crimen_organizado
